{
    "texture": "Terrain_Glace.png",
    "rectangles": [
        {"x":   5, "y":   5, "w": 80, "h": 80},
        {"x":  85, "y":   5, "w": 80, "h": 80},
        {"x": 165, "y":   5, "w": 80, "h": 80},
        {"x":   5, "y":  85, "w": 80, "h": 80},
        {"x":  85, "y":  85, "w": 80, "h": 80},
        {"x": 165, "y":  85, "w": 80, "h": 80},
        {"x": 260, "y":  85, "w": 80, "h": 80},
        {"x": 340, "y":  85, "w": 80, "h": 80},
        {"x":  85, "y": 175, "w": 80, "h": 80},
        {"x": 165, "y": 175, "w": 80, "h": 80},
        {"x": 260, "y": 175, "w": 80, "h": 80},
        {"x": 340, "y": 175, "w": 80, "h": 80},
        {"x":  85, "y": 265, "w": 80, "h": 80},
        {"x": 165, "y": 265, "w": 80, "h": 80},
        {"x": 165, "y": 345, "w": 80, "h": 80},
        {"x": 260, "y": 265, "w": 80, "h": 80},
        {"x": 340, "y": 265, "w": 80, "h": 80},
        {"x": 260, "y": 345, "w": 80, "h": 80},
        
        {"x":   5, "y": 435, "w": 80, "h": 80},
        {"x":  90, "y": 435, "w": 80, "h": 80},
        {"x": 175, "y": 435, "w": 80, "h": 80},
        {"x": 260, "y": 435, "w": 80, "h": 80},
        {"x":   5, "y": 520, "w": 80, "h": 80},
        {"x":  90, "y": 520, "w": 80, "h": 80},
        {"x": 175, "y": 520, "w": 80, "h": 80},
        {"x": 260, "y": 520, "w": 80, "h": 80},
        {"x":   5, "y": 605, "w": 80, "h": 80},
        {"x":  90, "y": 605, "w": 80, "h": 80},
        {"x": 175, "y": 605, "w": 80, "h": 80},
        {"x": 260, "y": 605, "w": 80, "h": 80},
        {"x":   5, "y": 690, "w": 80, "h": 80},
        {"x":  90, "y": 690, "w": 80, "h": 80},
        {"x": 175, "y": 690, "w": 80, "h": 80},
        {"x": 260, "y": 690, "w": 80, "h": 80},
        {"x": 345, "y": 435, "w": 80, "h": 80},
       
        {"x": 345, "y": 520, "w": 80, "h": 80},
        {"x": 345, "y": 605, "w": 80, "h": 80},
        {"x": 345, "y": 690, "w": 80, "h": 80},
        
        {"x": 430, "y":   5, "w": 160, "h": 160},
        {"x": 430, "y": 170, "w": 160, "h": 160},
        {"x": 430, "y": 335, "w":  80, "h": 160},
        
        {"x": 430, "y": 520, "w":  80, "h": 80},
        {"x":   5, "y": 775, "w": 320, "h": 40}
    ],
    "parts": [
        {"name": "Terrain",         "frames": [0,1,2,3,4,5,6,7,8,9,10,11,12,13,14,15,16,17]},
        {"name": "BonusFull",       "frames": [18,19,20,21,22,23,24,25,26,27,28,29,30,31,32,33]},
        {"name": "BonusEmpty",      "frames": [34]},
        {"name": "Brick",           "frames": [35]},
        {"name": "Wood",            "frames": [36]},
        {"name": "OneWay",          "frames": [37]},
        {"name": "CheckpointFull",  "frames": [38]},
        {"name": "CheckpointEmpty", "frames": [39]},
        {"name": "LevelEnd",        "frames": [40]},
        {"name": "Spike",           "frames": [41]},
        {"name": "MovingPlatform",  "frames": [42]}
    ]
}